Deal External ID,Contact External ID,Deal Name,SKU,Period,Amount,GST Type,Payment Method,Coupon,Razorpay Customer Id,Razorpay Subscription or Txn Id,Mandate Status,Start,Next Billing,Status,Grace Until,Retry Count,Calls Included Per Period,Calls Used,Cancel Reason,Refund Requested,Refund Status
DL-00001-1,P00001,"DIY monthly, Aniket Apte",diy,monthly,Rs ___,cgst_sgst,upi,,cust_SEED00001,sub_SEED000011,active,2025-08-24,,lapsed,,0,0,0,,false,
DL-00001-2,P00001,"DIY monthly, Aniket Apte",diy,monthly,Rs ___,cgst_sgst,upi,,cust_SEED00001,sub_SEED000012,active,2026-09-14,2026-10-14,active,,0,0,0,,false,
DL-00002-1,P00002,"DIWM monthly, Karthik Kumar",diwm,monthly,Rs ___,igst,netbanking,,cust_SEED00002,pay_SEED000021,none (charged per period),2025-09-08,2026-10-03,active,,0,N,0,,false,
DL-00010-1,P00010,"DIWM monthly, Anirban Dutta",diwm,monthly,Rs ___,igst,upi,,cust_SEED00010,sub_SEED000101,active,2026-04-07,2026-10-04,active,,0,N,0,,false,
DL-00012-1,P00012,"DIWM quarterly, Gauri Patel",diwm,quarterly,Rs ___,igst,upi,,cust_SEED00012,sub_SEED000121,active,2026-04-04,,lapsed,2026-07-10,3,N,0,,false,
DL-00018-1,P00018,"DIY monthly, Simran Malhotra",diy,monthly,Rs ___,igst,upi,,cust_SEED00018,sub_SEED000181,active,2026-04-12,2026-10-09,active,,0,0,0,,false,
DL-00022-1,P00022,"DIWM monthly, Kunal Joshi",diwm,monthly,Rs ___,igst,upi,,cust_SEED00022,sub_SEED000221,active,2026-05-21,2026-10-18,active,,0,N,0,,false,
DL-00030-1,P00030,"DIWM monthly, Rutuja Shinde",diwm,monthly,Rs ___,cgst_sgst,upi,,cust_SEED00030,sub_SEED000301,active,2026-04-18,2026-10-15,active,,0,N,0,,false,
DL-00035-1,P00035,"DIWM monthly, Sakshi Bansal",diwm,monthly,Rs ___,none,netbanking,SEEDZERO,cust_SEED00035,pay_SEED000351,none (charged per period),2026-04-30,2026-09-27,active,,0,N,0,,false,
DL-00038-1,P00038,"DIWM quarterly, Varsha Murthy",diwm,quarterly,Rs ___,igst,netbanking,,cust_SEED00038,pay_SEED000381,none (charged per period),2026-04-23,,lapsed,2026-07-29,3,N,0,,false,
DL-00042-1,P00042,"DIWM quarterly, Dhruv Desai",diwm,quarterly,Rs ___,none,upi,SEEDZERO,cust_SEED00042,sub_SEED000421,active,2026-05-18,2026-11-14,active,,0,N,0,,false,
DL-00049-1,P00049,"DIWM monthly, Chaitanya Krishnan",diwm,monthly,Rs ___,igst,upi,,cust_SEED00049,sub_SEED000491,active,2026-06-24,2026-10-22,failed,2026-09-29,0,N,0,,false,
DL-00056-1,P00056,"DIY quarterly, Pavithra Pai",diy,quarterly,Rs ___,igst,upi,,cust_SEED00056,sub_SEED000561,active,2026-05-22,2026-11-18,active,,0,0,0,,false,
DL-00060-1,P00060,"DIWM quarterly, Pranali Sawant",diwm,quarterly,Rs ___,cgst_sgst,upi,,cust_SEED00060,sub_SEED000601,active,2026-05-10,2026-11-06,active,,0,N,0,,false,
DL-00065-1,P00065,"DIY monthly, Parth Patel",diy,monthly,Rs ___,cgst_sgst,netbanking,,cust_SEED00065,pay_SEED000651,none (charged per period),2026-05-07,2026-10-04,active,,0,0,0,,false,
DL-00068-1,P00068,"DIWM monthly, Swathi Reddy",diwm,monthly,Rs ___,igst,upi,,cust_SEED00068,sub_SEED000681,active,2026-05-27,2026-09-24,active,,0,N,0,,false,
DL-00071-1,P00071,"DIY monthly, Sameer Desai",diy,monthly,Rs ___,cgst_sgst,netbanking,,cust_SEED00071,pay_SEED000711,none (charged per period),2026-05-09,2026-10-06,active,,0,0,0,,false,
DL-00080-1,P00080,"DIY monthly, Deepa Hegde",diy,monthly,Rs ___,igst,upi,,cust_SEED00080,sub_SEED000801,active,2026-06-08,2026-10-06,active,,0,0,0,,false,
DL-00085-1,P00085,"DIWM quarterly, Chinmay Joshi",diwm,quarterly,Rs ___,cgst_sgst,upi,,cust_SEED00085,sub_SEED000851,active,2026-05-23,2026-11-19,active,,0,N,1,,false,
DL-00090-1,P00090,"DIWM quarterly, Subhajit Chatterjee",diwm,quarterly,Rs ___,igst,upi,,cust_SEED00090,sub_SEED000901,active,2026-05-18,2026-11-14,active,,0,N,0,,false,
DL-00095-1,P00095,"DIY monthly, Madhav Shetty",diy,monthly,Rs ___,igst,netbanking,,cust_SEED00095,pay_SEED000951,none (charged per period),2026-06-02,2026-09-30,active,,0,0,0,,false,
DL-00098-1,P00098,"DIY monthly, Aniket Naik",diy,monthly,Rs ___,igst,upi,,cust_SEED00098,sub_SEED000981,active,2026-07-14,2026-10-12,active,,0,0,0,,false,
DL-00156-1,P00156,"DIWM monthly, Sai Pai",diwm,monthly,Rs ___,igst,upi,,cust_SEED00156,sub_SEED001561,active,2026-06-15,,lapsed,,0,N,0,,false,
DL-00156-2,P00156,"DIWM monthly, Sai Pai",diwm,monthly,Rs ___,igst,upi,,cust_SEED00156,sub_SEED001562,active,2026-09-16,2026-10-16,active,,0,N,0,,false,
DL-00158-1,P00158,"DIY quarterly, Anjali Tandon",diy,quarterly,Rs ___,igst,netbanking,,cust_SEED00158,pay_SEED001581,none (charged per period),2026-06-20,2026-12-17,failed,2026-09-25,2,0,0,,false,
DL-00164-1,P00164,"DIY monthly, Shruti Chitale",diy,monthly,Rs ___,cgst_sgst,netbanking,,cust_SEED00164,pay_SEED001641,none (charged per period),2026-06-17,2026-10-15,active,,0,0,0,,false,
DL-00177-1,P00177,"DIWM monthly, Indrani Mitra",diwm,monthly,Rs ___,igst,upi,,cust_SEED00177,sub_SEED001771,active,2026-06-23,2026-10-21,active,,0,N,0,,false,
DL-00194-1,P00194,"DIWM quarterly, Rutuja Patil",diwm,quarterly,Rs ___,igst,upi,,cust_SEED00194,sub_SEED001941,active,2026-06-28,2026-09-26,active,,0,N,0,,false,
DL-00199-1,P00199,"DIWM monthly, Vishnu Menon",diwm,monthly,Rs ___,igst,upi,,cust_SEED00199,sub_SEED001991,active,2026-07-01,2026-09-29,active,,0,N,0,,false,
DL-00202-1,P00202,"DIWM quarterly, Aravind Srinivasan",diwm,quarterly,Rs ___,igst,netbanking,,cust_SEED00202,pay_SEED002021,none (charged per period),2026-07-24,2026-10-22,active,,0,N,0,,false,
DL-00223-1,P00223,"DIWM monthly, Yogesh Patel",diwm,monthly,Rs ___,cgst_sgst,upi,,cust_SEED00223,sub_SEED002231,active,2026-07-07,2026-10-05,active,,0,N,0,,false,
DL-00243-1,P00243,"DIY quarterly, Ganesh Shetty",diy,quarterly,Rs ___,igst,upi,,cust_SEED00243,sub_SEED002431,active,2026-07-12,2026-10-10,active,,0,0,0,,false,
DL-00257-1,P00257,"DIWM monthly, Pranali Jain",diwm,monthly,Rs ___,cgst_sgst,upi,,cust_SEED00257,sub_SEED002571,active,2026-07-20,,lapsed,2026-08-26,3,N,0,,false,
DL-00285-1,P00285,"DIY monthly, Bhavana Gowda",diy,monthly,Rs ___,igst,netbanking,,cust_SEED00285,pay_SEED002851,none (charged per period),2026-09-13,2026-10-13,active,,0,0,0,,false,
DL-00288-1,P00288,"DIY monthly, Parth Naik",diy,monthly,Rs ___,cgst_sgst,upi,,cust_SEED00288,sub_SEED002881,active,2026-07-26,,lapsed,,0,0,0,,false,
DL-00288-2,P00288,"DIY monthly, Parth Naik",diy,monthly,Rs ___,cgst_sgst,upi,,cust_SEED00288,sub_SEED002882,active,2026-09-07,2026-10-07,active,,0,0,0,,false,
DL-00296-1,P00296,"DIY quarterly, Chaitanya Nair",diy,quarterly,Rs ___,igst,upi,,cust_SEED00296,sub_SEED002961,active,2026-07-26,2026-10-24,active,,0,0,0,,false,
DL-00315-1,P00315,"DIY quarterly, Kavitha Rao",diy,quarterly,Rs ___,igst,upi,,cust_SEED00315,sub_SEED003151,active,2026-08-07,2026-11-05,active,,0,0,0,,false,
DL-00317-1,P00317,"DIWM quarterly, Sanjana Pandey",diwm,quarterly,Rs ___,igst,upi,,cust_SEED00317,sub_SEED003171,active,2026-08-08,2026-11-06,active,,0,N,0,,false,
DL-00318-1,P00318,"DIY quarterly, Aparna Pai",diy,quarterly,Rs ___,igst,upi,,cust_SEED00318,sub_SEED003181,active,2026-08-04,2026-11-02,active,,0,0,1,,false,
DL-00325-1,P00325,"DIY quarterly, Poulami Sahoo",diy,quarterly,Rs ___,igst,upi,,cust_SEED00325,sub_SEED003251,active,2026-08-05,2026-11-03,active,,0,0,0,,false,
DL-00332-1,P00332,"DIWM quarterly, Hetal Pawar",diwm,quarterly,Rs ___,cgst_sgst,upi,,cust_SEED00332,sub_SEED003321,active,2026-08-08,2026-11-06,active,,0,N,0,,false,
DL-00340-1,P00340,"DIWM monthly, Divya Arora",diwm,monthly,Rs ___,igst,upi,,cust_SEED00340,sub_SEED003401,active,2026-09-07,2026-10-07,active,,0,N,0,,false,
DL-00361-1,P00361,"DIWM quarterly, Suresh Subramanian",diwm,quarterly,Rs ___,igst,upi,,cust_SEED00361,sub_SEED003611,active,2026-08-11,2026-11-09,active,,0,N,1,,false,
DL-00364-1,P00364,"DIWM quarterly, Simran Gupta",diwm,quarterly,Rs ___,cgst_sgst,upi,,cust_SEED00364,sub_SEED003641,active,2026-09-20,2026-12-19,active,,0,N,0,,false,
DL-00377-1,P00377,"DIY monthly, Heena Bhosale",diy,monthly,Rs ___,cgst_sgst,upi,,cust_SEED00377,sub_SEED003771,active,2026-09-15,2026-10-15,active,,0,0,0,,false,
DL-00397-1,P00397,"DIY monthly, Madhav Nair",diy,monthly,Rs ___,igst,upi,,cust_SEED00397,sub_SEED003971,active,2026-09-11,,cancelled,,0,0,0,Too expensive for me right now,true,pending (brief H5: to be decided)
DL-00410-1,P00410,"DIWM monthly, Divakar Pillai",diwm,monthly,Rs ___,igst,upi,,cust_SEED00410,sub_SEED004101,active,2026-09-19,,cancelled,,0,N,0,Found an adviser elsewhere,true,pending (brief H5: to be decided)
DL-00411-1,P00411,"DIWM monthly, Subhajit Banerjee",diwm,monthly,Rs ___,igst,upi,,cust_SEED00411,sub_SEED004111,active,2026-08-26,2026-09-25,active,,0,N,1,,false,
DL-00428-1,P00428,"DIWM monthly, Aravind Shetty",diwm,monthly,Rs ___,igst,upi,,cust_SEED00428,sub_SEED004281,active,2026-09-09,2026-10-09,active,,0,N,1,,false,
DL-00432-1,P00432,"DIWM monthly, Tarun Tandon",diwm,monthly,Rs ___,igst,netbanking,,cust_SEED00432,pay_SEED004321,none (charged per period),2026-09-03,2026-10-03,active,,0,N,0,,false,
DL-00441-1,P00441,"DIWM quarterly, Priyanka Chatterjee",diwm,quarterly,Rs ___,igst,upi,,cust_SEED00441,sub_SEED004411,active,2026-09-15,2026-12-14,active,,0,N,0,,false,
DL-00444-1,P00444,"DIWM quarterly, Jasleen Tiwari",diwm,quarterly,Rs ___,igst,upi,,cust_SEED00444,sub_SEED004441,active,2026-09-21,2026-12-20,active,,0,N,0,,false,
DL-00466-1,P00466,"DIWM monthly, Ganesh Subramanian",diwm,monthly,Rs ___,igst,netbanking,,cust_SEED00466,pay_SEED004661,none (charged per period),2026-09-20,2026-10-20,active,,0,N,0,,false,
DL-00474-1,P00474,"DIY monthly, Naina Rathore",diy,monthly,Rs ___,igst,netbanking,,cust_SEED00474,pay_SEED004741,none (charged per period),2026-09-17,2026-10-17,active,,0,0,0,,false,
DL-00481-1,P00481,"DIY monthly, Bhavana Menon",diy,monthly,Rs ___,igst,upi,,cust_SEED00481,sub_SEED004811,active,2026-09-19,2026-10-19,active,,0,0,0,,false,
DL-00489-1,P00489,"DIWM quarterly, Bhavana Rajan",diwm,quarterly,Rs ___,igst,upi,,cust_SEED00489,sub_SEED004891,active,2026-09-19,2026-12-18,active,,0,N,0,,false,
DL-00491-1,P00491,"DIWM monthly, Vishnu Pai",diwm,monthly,Rs ___,igst,netbanking,,cust_SEED00491,pay_SEED004911,none (charged per period),2026-09-20,2026-10-20,active,,0,N,0,,false,
